{
	"supporters": [
		{
			"uuid": "00000000-0000-0000-0000-000000000000",
			"name": "Jacob Rotteau",
			"type": "obsidian",
			"discordId": 370413290687561738,
			"showCape": true,
			"cape": "custom2"
		},
		{
			"uuid": "00000000-0000-0000-0000-000000000000",
			"name": "JustKenjiX",
			"type": "obsidian",
			"discordId": 185119627859197962,
			"showCape": true,
			"cape": "custom2"
		},
		{
			"uuid": "5bfdb948-7b66-476a-aefe-d45e4778fb2d",
			"name": "Ryan Kinka",
			"type": "older",
			"discordId": 156560112431923200,
			"showCape": true,
			"cape": "custom2"
		},
		{
			"uuid": "00000000-0000-0000-0000-000000000000",
			"name": "Chris Ward",
			"type": "older",
			"discordId": 283508664537579522,
			"showCape": true,
			"cape": "custom2"
		},
		{
			"uuid": "00000000-0000-0000-0000-000000000000",
			"name": "Lexi Lee-Ranson",
			"type": "older",
			"discordId": 0,
			"showCape": true,
			"cape": "custom2"
		},
		{
			"uuid": "00000000-0000-0000-0000-000000000000",
			"name": "Pelletstove",
			"type": "diamond",
			"discordId": 0,
			"showCape": true,
			"cape": "custom2"
		},
		{
			"uuid": "00000000-0000-0000-0000-000000000000",
			"name": "Sharky 8668",
			"type": "diamond",
			"discordId": 546529275180875788,
			"showCape": true,
			"cape": "custom2"
		},
		{
			"uuid": "622c4f37-ef07-4061-9375-8467c4759d1b",
			"name": "CodeHexIO",
			"type": "self",
			"discordId": 0,
			"showCape": true,
			"cape": "custom3"
		},
		{
			"uuid": "4da67eb9-7966-4aa3-b2f6-7ee90bf606d2",
			"name": "Stereowalker",
			"type": "self",
			"discordId": 409434310941343744,
			"showCape": true,
			"cape": "stereowalker"
		}
	]
}
