{
  "last_seen_version": "1.7.0-beta.1+1.20",
  "current_controller": "0227f570-05b7-34d7-b8d2-b33b66f021c1",
  "controllers": {
    "0227f570-05b7-34d7-b8d2-b33b66f021c1": {
      "config": {
        "left_stick_deadzone": 0.15,
        "right_stick_deadzone": 0.15,
        "gyro_look_sensitivity": 0.0,
        "relative_gyro_mode": false,
        "gyro_requires_button": true,
        "flick_stick": false,
        "invert_gyro_x": false,
        "invert_gyro_y": false,
        "gyro_calibration": {
          "x": 0.0,
          "y": 0.0,
          "z": 0.0
        },
        "theme": "DEFAULT",
        "horizontal_look_sensitivity": 1.0,
        "vertical_look_sensitivity": 0.9,
        "button_activation_threshold": 0.5,
        "virtual_mouse_sensitivity": 1.0,
        "auto_jump": false,
        "toggle_sprint": true,
        "toggle_sneak": true,
        "disable_fly_drifting": false,
        "custom_name": null,
        "show_ingame_guide": true,
        "ingame_guide_bottom": false,
        "show_screen_guide": true,
        "chat_keyboard_height": 0.0,
        "reduce_aiming_sensitivity": true,
        "allow_vibrations": true,
        "vibration_strengths": {
          "controlify:master": 1.0,
          "controlify:damage": 1.0,
          "controlify:block_destroy": 1.0,
          "controlify:use_item": 1.0,
          "controlify:item_break": 1.0,
          "controlify:gui": 1.0,
          "controlify:explosion": 1.0,
          "controlify:misc": 1.0,
          "controlify:global_event": 1.0
        },
        "deadzones_calibrated": true,
        "delayed_calibration": false,
        "mixed_input": false,
        "radial_actions": [
          "controlify:toggle_hud_visibility",
          "controlify:change_perspective",
          "controlify:drop_stack",
          "controlify:open_chat",
          "controlify:swap_hands",
          "controlify:pick_block",
          "controlify:take_screenshot",
          "controlify:show_player_list"
        ],
        "dont_show_controller_submission": false
      },
      "bindings": {
        "controlify:walk_forward": {
          "type": "empty"
        },
        "controlify:walk_backward": {
          "type": "empty"
        },
        "controlify:strafe_left": {
          "type": "empty"
        },
        "controlify:strafe_right": {
          "type": "empty"
        },
        "controlify:look_up": {
          "type": "empty"
        },
        "controlify:look_down": {
          "type": "empty"
        },
        "controlify:look_left": {
          "type": "empty"
        },
        "controlify:look_right": {
          "type": "empty"
        },
        "controlify:gamepad_gyro_button": {
          "type": "empty"
        },
        "controlify:jump": {
          "type": "empty"
        },
        "controlify:sprint": {
          "type": "empty"
        },
        "controlify:sneak": {
          "type": "empty"
        },
        "controlify:attack": {
          "type": "empty"
        },
        "controlify:use": {
          "type": "empty"
        },
        "controlify:drop": {
          "type": "empty"
        },
        "controlify:drop_stack": {
          "type": "empty"
        },
        "controlify:next_slot": {
          "type": "empty"
        },
        "controlify:prev_slot": {
          "type": "empty"
        },
        "controlify:pause": {
          "type": "empty"
        },
        "controlify:inventory": {
          "type": "empty"
        },
        "controlify:change_perspective": {
          "type": "empty"
        },
        "controlify:swap_hands": {
          "type": "empty"
        },
        "controlify:open_chat": {
          "type": "empty"
        },
        "controlify:gui_press": {
          "type": "empty"
        },
        "controlify:gui_back": {
          "type": "empty"
        },
        "controlify:gui_next_tab": {
          "type": "empty"
        },
        "controlify:gui_prev_tab": {
          "type": "empty"
        },
        "controlify:gui_abstract_action_1": {
          "type": "empty"
        },
        "controlify:gui_abstract_action_2": {
          "type": "empty"
        },
        "controlify:inv_select": {
          "type": "empty"
        },
        "controlify:inv_quick_move": {
          "type": "empty"
        },
        "controlify:inv_take_half": {
          "type": "empty"
        },
        "controlify:pick_block": {
          "type": "empty"
        },
        "controlify:pick_block_nbt": {
          "type": "empty"
        },
        "controlify:toggle_hud_visibility": {
          "type": "empty"
        },
        "controlify:show_player_list": {
          "type": "empty"
        },
        "controlify:take_screenshot": {
          "type": "empty"
        },
        "controlify:radial_menu": {
          "type": "empty"
        },
        "controlify:radial_axis_up": {
          "type": "empty"
        },
        "controlify:radial_axis_down": {
          "type": "empty"
        },
        "controlify:radial_axis_left": {
          "type": "empty"
        },
        "controlify:radial_axis_right": {
          "type": "empty"
        },
        "controlify:vmouse_move_up": {
          "type": "empty"
        },
        "controlify:vmouse_move_down": {
          "type": "empty"
        },
        "controlify:vmouse_move_left": {
          "type": "empty"
        },
        "controlify:vmouse_move_right": {
          "type": "empty"
        },
        "controlify:vmouse_lclick": {
          "type": "empty"
        },
        "controlify:vmouse_rclick": {
          "type": "empty"
        },
        "controlify:vmouse_shift_click": {
          "type": "empty"
        },
        "controlify:vmouse_scroll_up": {
          "type": "empty"
        },
        "controlify:vmouse_scroll_down": {
          "type": "empty"
        },
        "controlify:vmouse_shift": {
          "type": "empty"
        },
        "controlify:vmouse_toggle": {
          "type": "empty"
        },
        "controlify:gui_navi_up": {
          "type": "empty"
        },
        "controlify:gui_navi_down": {
          "type": "empty"
        },
        "controlify:gui_navi_left": {
          "type": "empty"
        },
        "controlify:gui_navi_right": {
          "type": "empty"
        },
        "controlify:cycle_opt_forward": {
          "type": "empty"
        },
        "controlify:cycle_opt_backward": {
          "type": "empty"
        },
        "fabric-key-binding-api-v1:key.modmenu.open_menu": {
          "type": "empty"
        }
      }
    },
    "88ed2b1f-00f2-32db-ace6-3bbf84c440a5": {
      "config": {
        "deadzones": {
          "axis-2": 0.2,
          "axis-3": 0.2,
          "axis-0": 0.2,
          "axis-1": 0.2
        },
        "trigger_axes": [],
        "horizontal_look_sensitivity": 1.0,
        "vertical_look_sensitivity": 0.9,
        "button_activation_threshold": 0.5,
        "virtual_mouse_sensitivity": 1.0,
        "auto_jump": false,
        "toggle_sprint": true,
        "toggle_sneak": true,
        "disable_fly_drifting": false,
        "custom_name": null,
        "show_ingame_guide": true,
        "ingame_guide_bottom": false,
        "show_screen_guide": true,
        "chat_keyboard_height": 0.0,
        "reduce_aiming_sensitivity": true,
        "allow_vibrations": true,
        "vibration_strengths": {
          "controlify:master": 1.0,
          "controlify:damage": 1.0,
          "controlify:block_destroy": 1.0,
          "controlify:use_item": 1.0,
          "controlify:item_break": 1.0,
          "controlify:gui": 1.0,
          "controlify:explosion": 1.0,
          "controlify:misc": 1.0,
          "controlify:global_event": 1.0
        },
        "deadzones_calibrated": false,
        "delayed_calibration": false,
        "mixed_input": false,
        "radial_actions": [
          "controlify:toggle_hud_visibility",
          "controlify:change_perspective",
          "controlify:drop_stack",
          "controlify:open_chat",
          "controlify:swap_hands",
          "controlify:pick_block",
          "controlify:take_screenshot",
          "controlify:show_player_list"
        ],
        "dont_show_controller_submission": true
      },
      "bindings": {
        "controlify:walk_forward": {
          "type": "empty"
        },
        "controlify:walk_backward": {
          "type": "empty"
        },
        "controlify:strafe_left": {
          "type": "empty"
        },
        "controlify:strafe_right": {
          "type": "empty"
        },
        "controlify:look_up": {
          "type": "empty"
        },
        "controlify:look_down": {
          "type": "empty"
        },
        "controlify:look_left": {
          "type": "empty"
        },
        "controlify:look_right": {
          "type": "empty"
        },
        "controlify:jump": {
          "type": "empty"
        },
        "controlify:sprint": {
          "type": "empty"
        },
        "controlify:sneak": {
          "type": "empty"
        },
        "controlify:attack": {
          "type": "empty"
        },
        "controlify:use": {
          "type": "empty"
        },
        "controlify:drop": {
          "type": "empty"
        },
        "controlify:drop_stack": {
          "type": "empty"
        },
        "controlify:next_slot": {
          "type": "empty"
        },
        "controlify:prev_slot": {
          "type": "empty"
        },
        "controlify:pause": {
          "type": "empty"
        },
        "controlify:inventory": {
          "type": "empty"
        },
        "controlify:change_perspective": {
          "type": "empty"
        },
        "controlify:swap_hands": {
          "type": "empty"
        },
        "controlify:open_chat": {
          "type": "empty"
        },
        "controlify:gui_press": {
          "type": "empty"
        },
        "controlify:gui_back": {
          "type": "empty"
        },
        "controlify:gui_next_tab": {
          "type": "empty"
        },
        "controlify:gui_prev_tab": {
          "type": "empty"
        },
        "controlify:gui_abstract_action_1": {
          "type": "empty"
        },
        "controlify:gui_abstract_action_2": {
          "type": "empty"
        },
        "controlify:inv_select": {
          "type": "empty"
        },
        "controlify:inv_quick_move": {
          "type": "empty"
        },
        "controlify:inv_take_half": {
          "type": "empty"
        },
        "controlify:pick_block": {
          "type": "empty"
        },
        "controlify:pick_block_nbt": {
          "type": "empty"
        },
        "controlify:toggle_hud_visibility": {
          "type": "empty"
        },
        "controlify:show_player_list": {
          "type": "empty"
        },
        "controlify:take_screenshot": {
          "type": "empty"
        },
        "controlify:radial_menu": {
          "type": "empty"
        },
        "controlify:radial_axis_up": {
          "type": "empty"
        },
        "controlify:radial_axis_down": {
          "type": "empty"
        },
        "controlify:radial_axis_left": {
          "type": "empty"
        },
        "controlify:radial_axis_right": {
          "type": "empty"
        },
        "controlify:vmouse_move_up": {
          "type": "empty"
        },
        "controlify:vmouse_move_down": {
          "type": "empty"
        },
        "controlify:vmouse_move_left": {
          "type": "empty"
        },
        "controlify:vmouse_move_right": {
          "type": "empty"
        },
        "controlify:vmouse_lclick": {
          "type": "empty"
        },
        "controlify:vmouse_rclick": {
          "type": "empty"
        },
        "controlify:vmouse_shift_click": {
          "type": "empty"
        },
        "controlify:vmouse_scroll_up": {
          "type": "empty"
        },
        "controlify:vmouse_scroll_down": {
          "type": "empty"
        },
        "controlify:vmouse_shift": {
          "type": "empty"
        },
        "controlify:vmouse_toggle": {
          "type": "empty"
        },
        "controlify:gui_navi_up": {
          "type": "empty"
        },
        "controlify:gui_navi_down": {
          "type": "empty"
        },
        "controlify:gui_navi_left": {
          "type": "empty"
        },
        "controlify:gui_navi_right": {
          "type": "empty"
        },
        "controlify:cycle_opt_forward": {
          "type": "empty"
        },
        "controlify:cycle_opt_backward": {
          "type": "empty"
        },
        "fabric-key-binding-api-v1:key.modmenu.open_menu": {
          "type": "empty"
        }
      }
    }
  },
  "compound_joysticks": [],
  "global": {
    "virtual_mouse_screens": [
      "net.minecraft.class_465"
    ],
    "keyboard_movement": false,
    "out_of_focus_input": false,
    "load_vibration_natives": true,
    "vibration_onboarded": true,
    "reach_around": "OFF",
    "allow_server_rumble": true,
    "ui_sounds": false,
    "notify_low_battery": true,
    "delegate_setup": false,
    "ingame_button_guide_scale": 1.0
  }
}