{"idle_time":120,"states":{"hovered":{"graphics_state":"default","show_toasts":true,"run_garbage_collector":false,"frame_rate_target":-1,"volume_multipliers":{"voice":1.0,"ambient":1.0,"hostile":1.0,"players":1.0,"music":1.0,"neutral":1.0,"records":1.0,"master":1.0,"blocks":1.0,"weather":1.0}},"unfocused":{"graphics_state":"default","show_toasts":true,"run_garbage_collector":false,"frame_rate_target":-1,"volume_multipliers":{"voice":1.0,"ambient":1.0,"hostile":1.0,"players":1.0,"music":0.0,"neutral":1.0,"records":0.0,"master":1.0,"blocks":1.0,"weather":1.0}},"abandoned":{"graphics_state":"reduced","show_toasts":false,"run_garbage_collector":false,"frame_rate_target":5,"volume_multipliers":{"voice":1.0,"ambient":1.0,"hostile":1.0,"players":1.0,"music":1.0,"neutral":1.0,"records":1.0,"master":0.5,"blocks":1.0,"weather":1.0}},"invisible":{"graphics_state":"default","show_toasts":false,"run_garbage_collector":false,"frame_rate_target":0,"volume_multipliers":{"voice":1.0,"ambient":1.0,"hostile":1.0,"players":1.0,"music":1.0,"neutral":1.0,"records":1.0,"master":0.0,"blocks":1.0,"weather":1.0}}}}